key,value
ISO3,USA
HDR Country Name,United States
Human Development Groups,Very High
UNDP Developeing Regions,
HDI Rank (2021),21
Human Development Index (value) (1990),.872
Human Development Index (value) (1991),.873
Human Development Index (value) (1992),.878
Human Development Index (value) (1993),.88
Human Development Index (value) (1994),.884
Human Development Index (value) (1995),.885
Human Development Index (value) (1996),.887
Human Development Index (value) (1997),.89
Human Development Index (value) (1998),.893
Human Development Index (value) (1999),.889
Human Development Index (value) (2000),.891
Human Development Index (value) (2001),.892
Human Development Index (value) (2002),.893
Human Development Index (value) (2003),.895
Human Development Index (value) (2004),.898
Human Development Index (value) (2005),.9
Human Development Index (value) (2006),.904
Human Development Index (value) (2007),.906
Human Development Index (value) (2008),.906
Human Development Index (value) (2009),.908
Human Development Index (value) (2010),.911
Human Development Index (value) (2011),.913
Human Development Index (value) (2012),.916
Human Development Index (value) (2013),.917
Human Development Index (value) (2014),.919
Human Development Index (value) (2015),.92
Human Development Index (value) (2016),.922
Human Development Index (value) (2017),.924
Human Development Index (value) (2018),.927
Human Development Index (value) (2019),.93
Human Development Index (value) (2020),.92
Human Development Index (value) (2021),.921
Life Expectancy at Birth (years) (1990),75.3699
Life Expectancy at Birth (years) (1991),75.5227
Life Expectancy at Birth (years) (1992),75.77760000000001
Life Expectancy at Birth (years) (1993),75.56699999999999
Life Expectancy at Birth (years) (1994),75.7377
Life Expectancy at Birth (years) (1995),75.8536
Life Expectancy at Birth (years) (1996),76.17529999999999
Life Expectancy at Birth (years) (1997),76.498
Life Expectancy at Birth (years) (1998),76.66
Life Expectancy at Birth (years) (1999),76.6718
Life Expectancy at Birth (years) (2000),76.81140000000001
Life Expectancy at Birth (years) (2001),76.9285
Life Expectancy at Birth (years) (2002),77.0005
Life Expectancy at Birth (years) (2003),77.1536
Life Expectancy at Birth (years) (2004),77.5581
Life Expectancy at Birth (years) (2005),77.5573
Life Expectancy at Birth (years) (2006),77.8386
Life Expectancy at Birth (years) (2007),78.10039999999999
Life Expectancy at Birth (years) (2008),78.19580000000001
Life Expectancy at Birth (years) (2009),78.56399999999999
Life Expectancy at Birth (years) (2010),78.7724
Life Expectancy at Birth (years) (2011),78.81999999999999
Life Expectancy at Birth (years) (2012),78.94410000000001
Life Expectancy at Birth (years) (2013),78.9507
Life Expectancy at Birth (years) (2014),79.0175
Life Expectancy at Birth (years) (2015),78.8694
Life Expectancy at Birth (years) (2016),78.84820000000001
Life Expectancy at Birth (years) (2017),78.82129999999999
Life Expectancy at Birth (years) (2018),78.9896
Life Expectancy at Birth (years) (2019),79.13800000000001
Life Expectancy at Birth (years) (2020),77.4144
Life Expectancy at Birth (years) (2021),77.1982
Expected Years of Schooling (years) (1990),15.41786003
Expected Years of Schooling (years) (1991),15.4780302
Expected Years of Schooling (years) (1992),15.7397151
Expected Years of Schooling (years) (1993),16.00139999
Expected Years of Schooling (years) (1994),16.02688026
Expected Years of Schooling (years) (1995),16.01859093
Expected Years of Schooling (years) (1996),15.96275043
Expected Years of Schooling (years) (1997),15.96238518
Expected Years of Schooling (years) (1998),15.96201992
Expected Years of Schooling (years) (1999),15.38418961
Expected Years of Schooling (years) (2000),15.4471364
Expected Years of Schooling (years) (2001),15.5100832
Expected Years of Schooling (years) (2002),15.57302999
Expected Years of Schooling (years) (2003),15.63597679
Expected Years of Schooling (years) (2004),15.69892359
Expected Years of Schooling (years) (2005),15.76187038
Expected Years of Schooling (years) (2006),15.81015909
Expected Years of Schooling (years) (2007),15.85844779
Expected Years of Schooling (years) (2008),15.90673649
Expected Years of Schooling (years) (2009),15.9550252
Expected Years of Schooling (years) (2010),16.0033139
Expected Years of Schooling (years) (2011),16.0516026
Expected Years of Schooling (years) (2012),16.0998913
Expected Years of Schooling (years) (2013),16.14818001
Expected Years of Schooling (years) (2014),16.14966011
Expected Years of Schooling (years) (2015),16.1919899
Expected Years of Schooling (years) (2016),16.27448082
Expected Years of Schooling (years) (2017),16.31038094
Expected Years of Schooling (years) (2018),16.28334999
Expected Years of Schooling (years) (2019),16.28097916
Expected Years of Schooling (years) (2020),16.28097916
Expected Years of Schooling (years) (2021),16.28097916
Mean Years of Schooling (years) (1990),12.98377037
Mean Years of Schooling (years) (1991),13.03085279
Mean Years of Schooling (years) (1992),13.07793522
Mean Years of Schooling (years) (1993),13.12501764
Mean Years of Schooling (years) (1994),13.17210007
Mean Years of Schooling (years) (1995),13.13735104
Mean Years of Schooling (years) (1996),13.10260201
Mean Years of Schooling (years) (1997),13.06785297
Mean Years of Schooling (years) (1998),13.03310394
Mean Years of Schooling (years) (1999),12.99835491
Mean Years of Schooling (years) (2000),12.96360588
Mean Years of Schooling (years) (2001),12.92885685
Mean Years of Schooling (years) (2002),12.89410782
Mean Years of Schooling (years) (2003),12.85935879
Mean Years of Schooling (years) (2004),12.82460976
Mean Years of Schooling (years) (2005),12.8275404
Mean Years of Schooling (years) (2006),12.91221046
Mean Years of Schooling (years) (2007),12.95109034
Mean Years of Schooling (years) (2008),12.98997021
Mean Years of Schooling (years) (2009),13.00603962
Mean Years of Schooling (years) (2010),13.05183983
Mean Years of Schooling (years) (2011),13.10287952
Mean Years of Schooling (years) (2012),13.14148045
Mean Years of Schooling (years) (2013),13.20003033
Mean Years of Schooling (years) (2014),13.22457981
Mean Years of Schooling (years) (2015),13.25187969
Mean Years of Schooling (years) (2016),13.34290981
Mean Years of Schooling (years) (2017),13.42226505
Mean Years of Schooling (years) (2018),13.50162029
Mean Years of Schooling (years) (2019),13.59252501
Mean Years of Schooling (years) (2020),13.68342972
Mean Years of Schooling (years) (2021),13.68342972
Gross National Income Per Capita (2017 PPP$) (1990),39472.3021
Gross National Income Per Capita (2017 PPP$) (1991),38997.77919
Gross National Income Per Capita (2017 PPP$) (1992),39677.08666
Gross National Income Per Capita (2017 PPP$) (1993),40069.43868
Gross National Income Per Capita (2017 PPP$) (1994),41280.44005
Gross National Income Per Capita (2017 PPP$) (1995),42183.13373
Gross National Income Per Capita (2017 PPP$) (1996),43533.95344
Gross National Income Per Capita (2017 PPP$) (1997),45256.99435
Gross National Income Per Capita (2017 PPP$) (1998),47253.20126
Gross National Income Per Capita (2017 PPP$) (1999),48806.13219
Gross National Income Per Capita (2017 PPP$) (2000),50420.86712
Gross National Income Per Capita (2017 PPP$) (2001),50701.40306
Gross National Income Per Capita (2017 PPP$) (2002),50936.99207
Gross National Income Per Capita (2017 PPP$) (2003),51602.26263
Gross National Income Per Capita (2017 PPP$) (2004),53068.89741
Gross National Income Per Capita (2017 PPP$) (2005),54305.12642
Gross National Income Per Capita (2017 PPP$) (2006),55681.43355
Gross National Income Per Capita (2017 PPP$) (2007),55542.57264
Gross National Income Per Capita (2017 PPP$) (2008),54095.39699
Gross National Income Per Capita (2017 PPP$) (2009),52795.10587
Gross National Income Per Capita (2017 PPP$) (2010),54265.33606
Gross National Income Per Capita (2017 PPP$) (2011),54949.54774
Gross National Income Per Capita (2017 PPP$) (2012),56402.58237
Gross National Income Per Capita (2017 PPP$) (2013),56904.62415
Gross National Income Per Capita (2017 PPP$) (2014),58314.25546
Gross National Income Per Capita (2017 PPP$) (2015),59682.8778
Gross National Income Per Capita (2017 PPP$) (2016),59969.35653
Gross National Income Per Capita (2017 PPP$) (2017),61186.46283
Gross National Income Per Capita (2017 PPP$) (2018),62626.32702
Gross National Income Per Capita (2017 PPP$) (2019),63614.86366
Gross National Income Per Capita (2017 PPP$) (2020),61461.64197
Gross National Income Per Capita (2017 PPP$) (2021),64765.21509
GDI Group (2021),1
Gender Development Index (value) (1990),.987
Gender Development Index (value) (1991),.988
Gender Development Index (value) (1992),.988
Gender Development Index (value) (1993),.987
Gender Development Index (value) (1994),.988
Gender Development Index (value) (1995),.989
Gender Development Index (value) (1996),.987
Gender Development Index (value) (1997),.988
Gender Development Index (value) (1998),.991
Gender Development Index (value) (1999),.99
Gender Development Index (value) (2000),.989
Gender Development Index (value) (2001),.989
Gender Development Index (value) (2002),.989
Gender Development Index (value) (2003),.986
Gender Development Index (value) (2004),.985
Gender Development Index (value) (2005),.987
Gender Development Index (value) (2006),.988
Gender Development Index (value) (2007),.987
Gender Development Index (value) (2008),.987
Gender Development Index (value) (2009),.988
Gender Development Index (value) (2010),.988
Gender Development Index (value) (2011),.988
Gender Development Index (value) (2012),.987
Gender Development Index (value) (2013),.989
Gender Development Index (value) (2014),.99
Gender Development Index (value) (2015),.99
Gender Development Index (value) (2016),.989
Gender Development Index (value) (2017),.99
Gender Development Index (value) (2018),.992
Gender Development Index (value) (2019),.994
Gender Development Index (value) (2020),.997
Gender Development Index (value) (2021),1.001
HDI female (1990),.8643491918215062
HDI female (1991),.8657826712333581
HDI female (1992),.8708329831398002
HDI female (1993),.8730886662805046
HDI female (1994),.8765943417163441
HDI female (1995),.8783264159351446
HDI female (1996),.8796412324892072
HDI female (1997),.8836466020578899
HDI female (1998),.8871366943279013
HDI female (1999),.887795536323351
HDI female (2000),.8890852299254246
HDI female (2001),.8892126406747454
HDI female (2002),.8891388560914927
HDI female (2003),.8881386630922051
HDI female (2004),.8906898476658515
HDI female (2005),.8922551007644771
HDI female (2006),.8967639051082272
HDI female (2007),.8987615271357015
HDI female (2008),.8989321157630658
HDI female (2009),.9005465464299094
HDI female (2010),.9043440457204428
HDI female (2011),.9062908356013195
HDI female (2012),.9085535782600672
HDI female (2013),.9107687202189451
HDI female (2014),.9132386366676318
HDI female (2015),.9142769224263766
HDI female (2016),.9160971927611049
HDI female (2017),.9186199126030212
HDI female (2018),.9215829835904948
HDI female (2019),.9249357450582002
HDI female (2020),.9175411561617385
HDI female (2021),.919688966541077
"Life Expectancy at Birth, female (years) (1990)",78.8429
"Life Expectancy at Birth, female (years) (1991)",78.9661
"Life Expectancy at Birth, female (years) (1992)",79.1797
"Life Expectancy at Birth, female (years) (1993)",78.9318
"Life Expectancy at Birth, female (years) (1994)",79.0535
"Life Expectancy at Birth, female (years) (1995)",79.0853
"Life Expectancy at Birth, female (years) (1996)",79.2221
"Life Expectancy at Birth, female (years) (1997)",79.37869999999999
"Life Expectancy at Birth, female (years) (1998)",79.4332
"Life Expectancy at Birth, female (years) (1999)",79.34869999999999
"Life Expectancy at Birth, female (years) (2000)",79.43000000000001
"Life Expectancy at Birth, female (years) (2001)",79.5217
"Life Expectancy at Birth, female (years) (2002)",79.5898
"Life Expectancy at Birth, female (years) (2003)",79.7145
"Life Expectancy at Birth, female (years) (2004)",80.0754
"Life Expectancy at Birth, female (years) (2005)",80.09350000000001
"Life Expectancy at Birth, female (years) (2006)",80.3614
"Life Expectancy at Birth, female (years) (2007)",80.60250000000001
"Life Expectancy at Birth, female (years) (2008)",80.64919999999999
"Life Expectancy at Birth, female (years) (2009)",80.98739999999999
"Life Expectancy at Birth, female (years) (2010)",81.1662
"Life Expectancy at Birth, female (years) (2011)",81.1823
"Life Expectancy at Birth, female (years) (2012)",81.31
"Life Expectancy at Birth, female (years) (2013)",81.3302
"Life Expectancy at Birth, female (years) (2014)",81.4136
"Life Expectancy at Birth, female (years) (2015)",81.2957
"Life Expectancy at Birth, female (years) (2016)",81.3573
"Life Expectancy at Birth, female (years) (2017)",81.3584
"Life Expectancy at Birth, female (years) (2018)",81.5403
"Life Expectancy at Birth, female (years) (2019)",81.7192
"Life Expectancy at Birth, female (years) (2020)",80.3081
"Life Expectancy at Birth, female (years) (2021)",80.238
"Expected Years of Schooling, female (years) (1990)",15.84033966
"Expected Years of Schooling, female (years) (1991)",15.92438984
"Expected Years of Schooling, female (years) (1992)",16.18016481
"Expected Years of Schooling, female (years) (1993)",16.43593979
"Expected Years of Schooling, female (years) (1994)",16.47117043
"Expected Years of Schooling, female (years) (1995)",16.54396057
"Expected Years of Schooling, female (years) (1996)",16.45252991
"Expected Years of Schooling, female (years) (1997)",16.59453964
"Expected Years of Schooling, female (years) (1998)",16.73654938
"Expected Years of Schooling, female (years) (1999)",16.69635092
"Expected Years of Schooling, female (years) (2000)",16.65615245
"Expected Years of Schooling, female (years) (2001)",16.61595399
"Expected Years of Schooling, female (years) (2002)",16.57575553
"Expected Years of Schooling, female (years) (2003)",16.53555707
"Expected Years of Schooling, female (years) (2004)",16.4953586
"Expected Years of Schooling, female (years) (2005)",16.45516014
"Expected Years of Schooling, female (years) (2006)",16.50316501
"Expected Years of Schooling, female (years) (2007)",16.55116987
"Expected Years of Schooling, female (years) (2008)",16.59917474
"Expected Years of Schooling, female (years) (2009)",16.6471796
"Expected Years of Schooling, female (years) (2010)",16.69518447
"Expected Years of Schooling, female (years) (2011)",16.74318933
"Expected Years of Schooling, female (years) (2012)",16.7911942
"Expected Years of Schooling, female (years) (2013)",16.83919907
"Expected Years of Schooling, female (years) (2014)",16.85256958
"Expected Years of Schooling, female (years) (2015)",16.88253021
"Expected Years of Schooling, female (years) (2016)",16.88669968
"Expected Years of Schooling, female (years) (2017)",16.92106056
"Expected Years of Schooling, female (years) (2018)",16.90984917
"Expected Years of Schooling, female (years) (2019)",16.93508911
"Expected Years of Schooling, female (years) (2020)",16.93508911
"Expected Years of Schooling, female (years) (2021)",16.93508911
"Mean Years of Schooling, female (years) (1990)",12.88052807
"Mean Years of Schooling, female (years) (1991)",12.923876
"Mean Years of Schooling, female (years) (1992)",12.96722393
"Mean Years of Schooling, female (years) (1993)",13.01057186
"Mean Years of Schooling, female (years) (1994)",13.05391979
"Mean Years of Schooling, female (years) (1995)",13.02611685
"Mean Years of Schooling, female (years) (1996)",12.9983139
"Mean Years of Schooling, female (years) (1997)",12.97051096
"Mean Years of Schooling, female (years) (1998)",12.94270802
"Mean Years of Schooling, female (years) (1999)",12.91490507
"Mean Years of Schooling, female (years) (2000)",12.88710213
"Mean Years of Schooling, female (years) (2001)",12.85929918
"Mean Years of Schooling, female (years) (2002)",12.83149624
"Mean Years of Schooling, female (years) (2003)",12.80369329
"Mean Years of Schooling, female (years) (2004)",12.77589035
"Mean Years of Schooling, female (years) (2005)",12.79625034
"Mean Years of Schooling, female (years) (2006)",12.91238976
"Mean Years of Schooling, female (years) (2007)",12.94924974
"Mean Years of Schooling, female (years) (2008)",12.98610973
"Mean Years of Schooling, female (years) (2009)",13.00767994
"Mean Years of Schooling, female (years) (2010)",13.0636797
"Mean Years of Schooling, female (years) (2011)",13.10387993
"Mean Years of Schooling, female (years) (2012)",13.13673973
"Mean Years of Schooling, female (years) (2013)",13.20598984
"Mean Years of Schooling, female (years) (2014)",13.24683952
"Mean Years of Schooling, female (years) (2015)",13.28118992
"Mean Years of Schooling, female (years) (2016)",13.37851048
"Mean Years of Schooling, female (years) (2017)",13.45315504
"Mean Years of Schooling, female (years) (2018)",13.52779961
"Mean Years of Schooling, female (years) (2019)",13.63281488
"Mean Years of Schooling, female (years) (2020)",13.73783016
"Mean Years of Schooling, female (years) (2021)",13.73783016
"Gross National Income Per Capita, female (2017 PPP$) (1990)",29087.56226806005
"Gross National Income Per Capita, female (2017 PPP$) (1991)",28832.91658877956
"Gross National Income Per Capita, female (2017 PPP$) (1992)",29483.02505661848
"Gross National Income Per Capita, female (2017 PPP$) (1993)",29904.60462203652
"Gross National Income Per Capita, female (2017 PPP$) (1994)",31152.99704214965
"Gross National Income Per Capita, female (2017 PPP$) (1995)",31902.76827400732
"Gross National Income Per Capita, female (2017 PPP$) (1996)",33021.21949557996
"Gross National Income Per Capita, female (2017 PPP$) (1997)",34492.51536287054
"Gross National Income Per Capita, female (2017 PPP$) (1998)",36042.6773343584
"Gross National Income Per Capita, female (2017 PPP$) (1999)",37341.40574273113
"Gross National Income Per Capita, female (2017 PPP$) (2000)",38515.49555509624
"Gross National Income Per Capita, female (2017 PPP$) (2001)",38771.75945998197
"Gross National Income Per Capita, female (2017 PPP$) (2002)",38970.06093781644
"Gross National Income Per Capita, female (2017 PPP$) (2003)",38221.84271866445
"Gross National Income Per Capita, female (2017 PPP$) (2004)",39290.23268773747
"Gross National Income Per Capita, female (2017 PPP$) (2005)",40593.68049101271
"Gross National Income Per Capita, female (2017 PPP$) (2006)",41735.50463248805
"Gross National Income Per Capita, female (2017 PPP$) (2007)",41644.63632539796
"Gross National Income Per Capita, female (2017 PPP$) (2008)",40873.32211578982
"Gross National Income Per Capita, female (2017 PPP$) (2009)",40213.67100742109
"Gross National Income Per Capita, female (2017 PPP$) (2010)",41693.0738902023
"Gross National Income Per Capita, female (2017 PPP$) (2011)",42509.18234402435
"Gross National Income Per Capita, female (2017 PPP$) (2012)",43188.89991454491
"Gross National Income Per Capita, female (2017 PPP$) (2013)",43968.25404223451
"Gross National Income Per Capita, female (2017 PPP$) (2014)",45275.13899781591
"Gross National Income Per Capita, female (2017 PPP$) (2015)",46182.89073911796
"Gross National Income Per Capita, female (2017 PPP$) (2016)",46536.1146110967
"Gross National Income Per Capita, female (2017 PPP$) (2017)",47836.3365829465
"Gross National Income Per Capita, female (2017 PPP$) (2018)",49097.44008608651
"Gross National Income Per Capita, female (2017 PPP$) (2019)",50118.210082167
"Gross National Income Per Capita, female (2017 PPP$) (2020)",48968.02958725694
"Gross National Income Per Capita, female (2017 PPP$) (2021)",51538.95550723825
HDI male (1990),.8753033529746099
HDI male (1991),.8765303392779987
HDI male (1992),.881830201745834
HDI male (1993),.8843943893606784
HDI male (1994),.8875445103677265
HDI male (1995),.888251455610915
HDI male (1996),.8915605474002642
HDI male (1997),.8939778247381029
HDI male (1998),.8955902186979653
HDI male (1999),.896908045669952
HDI male (2000),.8988220299313217
HDI male (2001),.8991344467859039
HDI male (2002),.8990859122781674
HDI male (2003),.9008892525815324
HDI male (2004),.9037982321261701
HDI male (2005),.9041690460640063
HDI male (2006),.9078341998455856
HDI male (2007),.9101612584267093
HDI male (2008),.9104688327474699
HDI male (2009),.9117093466703636
HDI male (2010),.9148789319411041
HDI male (2011),.9169159637075172
HDI male (2012),.9201020420078073
HDI male (2013),.9212841651150092
HDI male (2014),.9225765973863311
HDI male (2015),.9236580710320718
HDI male (2016),.9258506477042985
HDI male (2017),.9277315570443196
HDI male (2018),.9292755865546787
HDI male (2019),.9305377002101556
HDI male (2020),.9205142533209781
HDI male (2021),.9191861215737771
"Life Expectancy at Birth, male (years) (1990)",71.84990000000001
"Life Expectancy at Birth, male (years) (1991)",72.032
"Life Expectancy at Birth, male (years) (1992)",72.32389999999999
"Life Expectancy at Birth, male (years) (1993)",72.17059999999999
"Life Expectancy at Birth, male (years) (1994)",72.3882
"Life Expectancy at Birth, male (years) (1995)",72.5842
"Life Expectancy at Birth, male (years) (1996)",73.0712
"Life Expectancy at Birth, male (years) (1997)",73.5431
"Life Expectancy at Birth, male (years) (1998)",73.8092
"Life Expectancy at Birth, male (years) (1999)",73.92140000000001
"Life Expectancy at Birth, male (years) (2000)",74.11960000000001
"Life Expectancy at Birth, male (years) (2001)",74.2676
"Life Expectancy at Birth, male (years) (2002)",74.35120000000001
"Life Expectancy at Birth, male (years) (2003)",74.53440000000001
"Life Expectancy at Birth, male (years) (2004)",74.9718
"Life Expectancy at Birth, male (years) (2005)",74.96720000000001
"Life Expectancy at Birth, male (years) (2006)",75.2603
"Life Expectancy at Birth, male (years) (2007)",75.5431
"Life Expectancy at Birth, male (years) (2008)",75.6932
"Life Expectancy at Birth, male (years) (2009)",76.0823
"Life Expectancy at Birth, male (years) (2010)",76.3249
"Life Expectancy at Birth, male (years) (2011)",76.41030000000001
"Life Expectancy at Birth, male (years) (2012)",76.5397
"Life Expectancy at Birth, male (years) (2013)",76.5453
"Life Expectancy at Birth, male (years) (2014)",76.60420000000001
"Life Expectancy at Birth, male (years) (2015)",76.4419
"Life Expectancy at Birth, male (years) (2016)",76.35209999999999
"Life Expectancy at Birth, male (years) (2017)",76.31140000000001
"Life Expectancy at Birth, male (years) (2018)",76.4727
"Life Expectancy at Birth, male (years) (2019)",76.59829999999999
"Life Expectancy at Birth, male (years) (2020)",74.64190000000001
"Life Expectancy at Birth, male (years) (2021)",74.29989999999999
"Expected Years of Schooling, male (years) (1990)",15.02285957
"Expected Years of Schooling, male (years) (1991)",15.05935001
"Expected Years of Schooling, male (years) (1992)",15.32378483
"Expected Years of Schooling, male (years) (1993)",15.58821964
"Expected Years of Schooling, male (years) (1994)",15.60223961
"Expected Years of Schooling, male (years) (1995)",15.51535988
"Expected Years of Schooling, male (years) (1996)",15.49320984
"Expected Years of Schooling, male (years) (1997)",15.35781002
"Expected Years of Schooling, male (years) (1998)",15.2224102
"Expected Years of Schooling, male (years) (1999)",15.20282732
"Expected Years of Schooling, male (years) (2000)",15.18324443
"Expected Years of Schooling, male (years) (2001)",15.16366155
"Expected Years of Schooling, male (years) (2002)",15.14407866
"Expected Years of Schooling, male (years) (2003)",15.12449578
"Expected Years of Schooling, male (years) (2004)",15.10491289
"Expected Years of Schooling, male (years) (2005)",15.08533001
"Expected Years of Schooling, male (years) (2006)",15.13360381
"Expected Years of Schooling, male (years) (2007)",15.18187761
"Expected Years of Schooling, male (years) (2008)",15.23015141
"Expected Years of Schooling, male (years) (2009)",15.27842522
"Expected Years of Schooling, male (years) (2010)",15.32669902
"Expected Years of Schooling, male (years) (2011)",15.37497282
"Expected Years of Schooling, male (years) (2012)",15.42324662
"Expected Years of Schooling, male (years) (2013)",15.47152042
"Expected Years of Schooling, male (years) (2014)",15.46317959
"Expected Years of Schooling, male (years) (2015)",15.51661015
"Expected Years of Schooling, male (years) (2016)",15.67471027
"Expected Years of Schooling, male (years) (2017)",15.71634007
"Expected Years of Schooling, male (years) (2018)",15.67372036
"Expected Years of Schooling, male (years) (2019)",15.64476967
"Expected Years of Schooling, male (years) (2020)",15.64476967
"Expected Years of Schooling, male (years) (2021)",15.64476967
"Mean Years of Schooling, male (years) (1990)",13.08701267
"Mean Years of Schooling, male (years) (1991)",13.13782959
"Mean Years of Schooling, male (years) (1992)",13.18864651
"Mean Years of Schooling, male (years) (1993)",13.23946342
"Mean Years of Schooling, male (years) (1994)",13.30801964
"Mean Years of Schooling, male (years) (1995)",13.26526365
"Mean Years of Schooling, male (years) (1996)",13.22250767
"Mean Years of Schooling, male (years) (1997)",13.17975168
"Mean Years of Schooling, male (years) (1998)",13.1369957
"Mean Years of Schooling, male (years) (1999)",13.09423971
"Mean Years of Schooling, male (years) (2000)",13.05148373
"Mean Years of Schooling, male (years) (2001)",13.00872774
"Mean Years of Schooling, male (years) (2002)",12.96597176
"Mean Years of Schooling, male (years) (2003)",12.92321577
"Mean Years of Schooling, male (years) (2004)",12.88045979
"Mean Years of Schooling, male (years) (2005)",12.86326027
"Mean Years of Schooling, male (years) (2006)",12.91176033
"Mean Years of Schooling, male (years) (2007)",12.95352507
"Mean Years of Schooling, male (years) (2008)",12.9952898
"Mean Years of Schooling, male (years) (2009)",13.00475979
"Mean Years of Schooling, male (years) (2010)",13.03911972
"Mean Years of Schooling, male (years) (2011)",13.10235023
"Mean Years of Schooling, male (years) (2012)",13.14698029
"Mean Years of Schooling, male (years) (2013)",13.19357967
"Mean Years of Schooling, male (years) (2014)",13.20053005
"Mean Years of Schooling, male (years) (2015)",13.22015953
"Mean Years of Schooling, male (years) (2016)",13.30447006
"Mean Years of Schooling, male (years) (2017)",13.38895988
"Mean Years of Schooling, male (years) (2018)",13.47344971
"Mean Years of Schooling, male (years) (2019)",13.54921484
"Mean Years of Schooling, male (years) (2020)",13.62497997
"Mean Years of Schooling, male (years) (2021)",13.62497997
"Gross National Income Per Capita, male (2017 PPP$) (1990)",50300.03066737039
"Gross National Income Per Capita, male (2017 PPP$) (1991)",49583.35226923163
"Gross National Income Per Capita, male (2017 PPP$) (1992)",50279.650785678
"Gross National Income Per Capita, male (2017 PPP$) (1993)",50630.85193340281
"Gross National Income Per Capita, male (2017 PPP$) (1994)",51793.72220388838
"Gross National Income Per Capita, male (2017 PPP$) (1995)",52845.19693251741
"Gross National Income Per Capita, male (2017 PPP$) (1996)",54426.99541732739
"Gross National Income Per Capita, male (2017 PPP$) (1997)",56400.54829046562
"Gross National Income Per Capita, male (2017 PPP$) (1998)",58845.51657881575
"Gross National Income Per Capita, male (2017 PPP$) (1999)",60644.59148219317
"Gross National Income Per Capita, male (2017 PPP$) (2000)",62698.28692650255
"Gross National Income Per Capita, male (2017 PPP$) (2001)",62995.08979614857
"Gross National Income Per Capita, male (2017 PPP$) (2002)",63268.91578381317
"Gross National Income Per Capita, male (2017 PPP$) (2003)",65392.57562095864
"Gross National Income Per Capita, male (2017 PPP$) (2004)",67266.44914669161
"Gross National Income Per Capita, male (2017 PPP$) (2005)",68428.75761643525
"Gross National Income Per Capita, male (2017 PPP$) (2006)",70043.61200336397
"Gross National Income Per Capita, male (2017 PPP$) (2007)",69855.1049589329
"Gross National Income Per Capita, male (2017 PPP$) (2008)",67713.39178489489
"Gross National Income Per Capita, male (2017 PPP$) (2009)",65755.27587494026
"Gross National Income Per Capita, male (2017 PPP$) (2010)",67217.95918102709
"Gross National Income Per Capita, male (2017 PPP$) (2011)",67754.88465386721
"Gross National Income Per Capita, male (2017 PPP$) (2012)",69979.11775504741
"Gross National Income Per Capita, male (2017 PPP$) (2013)",70173.34021866108
"Gross National Income Per Capita, male (2017 PPP$) (2014)",71666.96973079091
"Gross National Income Per Capita, male (2017 PPP$) (2015)",73487.44623136264
"Gross National Income Per Capita, male (2017 PPP$) (2016)",73686.3351330078
"Gross National Income Per Capita, male (2017 PPP$) (2017)",74800.44847181527
"Gross National Income Per Capita, male (2017 PPP$) (2018)",76407.09666677412
"Gross National Income Per Capita, male (2017 PPP$) (2019)",77349.52352592383
"Gross National Income Per Capita, male (2017 PPP$) (2020)",74175.3454201112
"Gross National Income Per Capita, male (2017 PPP$) (2021)",78238.21408496069
Inequality-adjusted Human Development Index (value) (2010),.805
Inequality-adjusted Human Development Index (value) (2011),.806
Inequality-adjusted Human Development Index (value) (2012),.8080000000000001
Inequality-adjusted Human Development Index (value) (2013),.8100000000000001
Inequality-adjusted Human Development Index (value) (2014),.805
Inequality-adjusted Human Development Index (value) (2015),.8080000000000001
Inequality-adjusted Human Development Index (value) (2016),.8100000000000001
Inequality-adjusted Human Development Index (value) (2017),.8100000000000001
Inequality-adjusted Human Development Index (value) (2018),.8149999999999999
Inequality-adjusted Human Development Index (value) (2019),.8169999999999999
Inequality-adjusted Human Development Index (value) (2020),.8179999999999999
Inequality-adjusted Human Development Index (value) (2021),.819
Coefficient of human inequality (2010),11.10331883466667
Coefficient of human inequality (2011),11.20176970666667
Coefficient of human inequality (2012),11.18099979566667
Coefficient of human inequality (2013),11.12063022433333
Coefficient of human inequality (2014),11.72181663933333
Coefficient of human inequality (2015),11.568465164
Coefficient of human inequality (2016),11.53459811333333
Coefficient of human inequality (2017),11.672906342
Coefficient of human inequality (2018),11.494311391
Coefficient of human inequality (2019),11.48637749833333
Coefficient of human inequality (2020),10.59945600366667
Coefficient of human inequality (2021),10.63809157533333
Overall loss (%) (2010),11.63556531284303
Overall loss (%) (2011),11.7196056955093
Overall loss (%) (2012),11.79039301310043
Overall loss (%) (2013),11.66848418756815
Overall loss (%) (2014),12.40478781284004
Overall loss (%) (2015),12.17391304347826
Overall loss (%) (2016),12.14750542299349
Overall loss (%) (2017),12.33766233766234
Overall loss (%) (2018),12.08198489751889
Overall loss (%) (2019),12.15053763440861
Overall loss (%) (2020),11.08695652173914
Overall loss (%) (2021),11.07491856677525
Inequality in life expectancy (2010),5.858852863
Inequality in life expectancy (2011),5.792303562
Inequality in life expectancy (2012),5.755255699
Inequality in life expectancy (2013),5.716620445
Inequality in life expectancy (2014),5.688998699
Inequality in life expectancy (2015),5.777245522
Inequality in life expectancy (2016),5.871336937
Inequality in life expectancy (2017),5.818261623
Inequality in life expectancy (2018),5.717084408
Inequality in life expectancy (2019),5.71128273
Inequality in life expectancy (2020),5.830518246
Inequality in life expectancy (2021),5.946424961
Inequality in eduation (2010),2.912103641
Inequality in eduation (2011),2.903005558
Inequality in eduation (2012),2.823743688
Inequality in eduation (2013),3.000270228
Inequality in eduation (2014),3.042451219
Inequality in eduation (2015),3.03614997
Inequality in eduation (2016),2.915457403
Inequality in eduation (2017),2.915457403
Inequality in eduation (2018),2.745849765
Inequality in eduation (2019),2.745849765
Inequality in eduation (2020),2.745849765
Inequality in eduation (2021),2.745849765
Inequality in income (2010),24.539
Inequality in income (2011),24.91
Inequality in income (2012),24.964
Inequality in income (2013),24.645
Inequality in income (2014),26.434
Inequality in income (2015),25.892
Inequality in income (2016),25.817
Inequality in income (2017),26.285
Inequality in income (2018),26.02
Inequality in income (2019),26.002
Inequality in income (2020),23.222
Inequality in income (2021),23.222
GII Rank (2021),44
Gender Inequality Index (value) (1990),.294
Gender Inequality Index (value) (1991),.296
Gender Inequality Index (value) (1992),.295
Gender Inequality Index (value) (1993),.294
Gender Inequality Index (value) (1994),.299
Gender Inequality Index (value) (1995),.295
Gender Inequality Index (value) (1996),.291
Gender Inequality Index (value) (1997),.282
Gender Inequality Index (value) (1998),.28
Gender Inequality Index (value) (1999),.277
Gender Inequality Index (value) (2000),.275
Gender Inequality Index (value) (2001),.271
Gender Inequality Index (value) (2002),.267
Gender Inequality Index (value) (2003),.262
Gender Inequality Index (value) (2004),.258
Gender Inequality Index (value) (2005),.256
Gender Inequality Index (value) (2006),.257
Gender Inequality Index (value) (2007),.257
Gender Inequality Index (value) (2008),.254
Gender Inequality Index (value) (2009),.256
Gender Inequality Index (value) (2010),.248
Gender Inequality Index (value) (2011),.241
Gender Inequality Index (value) (2012),.235
Gender Inequality Index (value) (2013),.229
Gender Inequality Index (value) (2014),.217
Gender Inequality Index (value) (2015),.219
Gender Inequality Index (value) (2016),.216
Gender Inequality Index (value) (2017),.209
Gender Inequality Index (value) (2018),.192
Gender Inequality Index (value) (2019),.189
Gender Inequality Index (value) (2020),.178
Gender Inequality Index (value) (2021),.179
"Maternal Mortality Ratio (deaths per 100,000 live births) (1990)",11
"Maternal Mortality Ratio (deaths per 100,000 live births) (1991)",11
"Maternal Mortality Ratio (deaths per 100,000 live births) (1992)",11
"Maternal Mortality Ratio (deaths per 100,000 live births) (1993)",11
"Maternal Mortality Ratio (deaths per 100,000 live births) (1994)",12
"Maternal Mortality Ratio (deaths per 100,000 live births) (1995)",12
"Maternal Mortality Ratio (deaths per 100,000 live births) (1996)",12
"Maternal Mortality Ratio (deaths per 100,000 live births) (1997)",11
"Maternal Mortality Ratio (deaths per 100,000 live births) (1998)",11
"Maternal Mortality Ratio (deaths per 100,000 live births) (1999)",12
"Maternal Mortality Ratio (deaths per 100,000 live births) (2000)",12
"Maternal Mortality Ratio (deaths per 100,000 live births) (2001)",13
"Maternal Mortality Ratio (deaths per 100,000 live births) (2002)",13
"Maternal Mortality Ratio (deaths per 100,000 live births) (2003)",13
"Maternal Mortality Ratio (deaths per 100,000 live births) (2004)",13
"Maternal Mortality Ratio (deaths per 100,000 live births) (2005)",13
"Maternal Mortality Ratio (deaths per 100,000 live births) (2006)",14
"Maternal Mortality Ratio (deaths per 100,000 live births) (2007)",14
"Maternal Mortality Ratio (deaths per 100,000 live births) (2008)",14
"Maternal Mortality Ratio (deaths per 100,000 live births) (2009)",15
"Maternal Mortality Ratio (deaths per 100,000 live births) (2010)",15
"Maternal Mortality Ratio (deaths per 100,000 live births) (2011)",15
"Maternal Mortality Ratio (deaths per 100,000 live births) (2012)",16
"Maternal Mortality Ratio (deaths per 100,000 live births) (2013)",16
"Maternal Mortality Ratio (deaths per 100,000 live births) (2014)",16
"Maternal Mortality Ratio (deaths per 100,000 live births) (2015)",18
"Maternal Mortality Ratio (deaths per 100,000 live births) (2016)",19
"Maternal Mortality Ratio (deaths per 100,000 live births) (2017)",19
"Maternal Mortality Ratio (deaths per 100,000 live births) (2018)",19
"Maternal Mortality Ratio (deaths per 100,000 live births) (2019)",19
"Maternal Mortality Ratio (deaths per 100,000 live births) (2020)",19
"Maternal Mortality Ratio (deaths per 100,000 live births) (2021)",19
"Adolescent Birth Rate (births per 1,000 women ages 15-19) (1990)",60.633
"Adolescent Birth Rate (births per 1,000 women ages 15-19) (1991)",61.28
"Adolescent Birth Rate (births per 1,000 women ages 15-19) (1992)",59.586
"Adolescent Birth Rate (births per 1,000 women ages 15-19) (1993)",57.784
"Adolescent Birth Rate (births per 1,000 women ages 15-19) (1994)",56.565
"Adolescent Birth Rate (births per 1,000 women ages 15-19) (1995)",54.134
"Adolescent Birth Rate (births per 1,000 women ages 15-19) (1996)",51.6
"Adolescent Birth Rate (births per 1,000 women ages 15-19) (1997)",50.195
"Adolescent Birth Rate (births per 1,000 women ages 15-19) (1998)",49.367
"Adolescent Birth Rate (births per 1,000 women ages 15-19) (1999)",48.021
"Adolescent Birth Rate (births per 1,000 women ages 15-19) (2000)",46.734
"Adolescent Birth Rate (births per 1,000 women ages 15-19) (2001)",44.099
"Adolescent Birth Rate (births per 1,000 women ages 15-19) (2002)",41.761
"Adolescent Birth Rate (births per 1,000 women ages 15-19) (2003)",40.338
"Adolescent Birth Rate (births per 1,000 women ages 15-19) (2004)",39.658
"Adolescent Birth Rate (births per 1,000 women ages 15-19) (2005)",38.963
"Adolescent Birth Rate (births per 1,000 women ages 15-19) (2006)",39.756
"Adolescent Birth Rate (births per 1,000 women ages 15-19) (2007)",40.38
"Adolescent Birth Rate (births per 1,000 women ages 15-19) (2008)",39.629
"Adolescent Birth Rate (births per 1,000 women ages 15-19) (2009)",37.647
"Adolescent Birth Rate (births per 1,000 women ages 15-19) (2010)",34.436
"Adolescent Birth Rate (births per 1,000 women ages 15-19) (2011)",31.381
"Adolescent Birth Rate (births per 1,000 women ages 15-19) (2012)",29.137
"Adolescent Birth Rate (births per 1,000 women ages 15-19) (2013)",26.447
"Adolescent Birth Rate (births per 1,000 women ages 15-19) (2014)",24.036
"Adolescent Birth Rate (births per 1,000 women ages 15-19) (2015)",21.899
"Adolescent Birth Rate (births per 1,000 women ages 15-19) (2016)",19.867
"Adolescent Birth Rate (births per 1,000 women ages 15-19) (2017)",18.423
"Adolescent Birth Rate (births per 1,000 women ages 15-19) (2018)",17.06
"Adolescent Birth Rate (births per 1,000 women ages 15-19) (2019)",16.414
"Adolescent Birth Rate (births per 1,000 women ages 15-19) (2020)",15.83
"Adolescent Birth Rate (births per 1,000 women ages 15-19) (2021)",15.966
"Share of seats in parliament, female (% held by women) (1990)",11.21495327
"Share of seats in parliament, female (% held by women) (1991)",11.21495327
"Share of seats in parliament, female (% held by women) (1992)",11.21495327
"Share of seats in parliament, female (% held by women) (1993)",11.21495327
"Share of seats in parliament, female (% held by women) (1994)",11.21495327
"Share of seats in parliament, female (% held by women) (1995)",11.21495327
"Share of seats in parliament, female (% held by women) (1996)",11.21495327
"Share of seats in parliament, female (% held by women) (1997)",11.21495327
"Share of seats in parliament, female (% held by women) (1998)",11.21495327
"Share of seats in parliament, female (% held by women) (1999)",12.52336449
"Share of seats in parliament, female (% held by women) (2000)",12.52336449
"Share of seats in parliament, female (% held by women) (2001)",13.8317757
"Share of seats in parliament, female (% held by women) (2002)",13.64485981
"Share of seats in parliament, female (% held by women) (2003)",14.01869159
"Share of seats in parliament, female (% held by women) (2004)",14.76635514
"Share of seats in parliament, female (% held by women) (2005)",14.95327103
"Share of seats in parliament, female (% held by women) (2006)",16.26168224
"Share of seats in parliament, female (% held by women) (2007)",16.63551402
"Share of seats in parliament, female (% held by women) (2008)",17.00934579
"Share of seats in parliament, female (% held by women) (2009)",16.51031895
"Share of seats in parliament, female (% held by women) (2010)",16.82242991
"Share of seats in parliament, female (% held by women) (2011)",16.85393258
"Share of seats in parliament, female (% held by women) (2012)",18.35205993
"Share of seats in parliament, female (% held by women) (2013)",18.23308271
"Share of seats in parliament, female (% held by women) (2014)",19.43925234
"Share of seats in parliament, female (% held by women) (2015)",19.47565543
"Share of seats in parliament, female (% held by women) (2016)",19.54887218
"Share of seats in parliament, female (% held by women) (2017)",19.66292135
"Share of seats in parliament, female (% held by women) (2018)",23.59550562
"Share of seats in parliament, female (% held by women) (2019)",23.72881356
"Share of seats in parliament, female (% held by women) (2020)",27.09923664
"Share of seats in parliament, female (% held by women) (2021)",26.96629213
"Share of seats in parliament, male (% held by men) (1990)",88.78504673
"Share of seats in parliament, male (% held by men) (1991)",88.78504673
"Share of seats in parliament, male (% held by men) (1992)",88.78504673
"Share of seats in parliament, male (% held by men) (1993)",88.78504673
"Share of seats in parliament, male (% held by men) (1994)",88.78504673
"Share of seats in parliament, male (% held by men) (1995)",88.78504673
"Share of seats in parliament, male (% held by men) (1996)",88.78504673
"Share of seats in parliament, male (% held by men) (1997)",88.78504673
"Share of seats in parliament, male (% held by men) (1998)",88.78504673
"Share of seats in parliament, male (% held by men) (1999)",87.47663550999999
"Share of seats in parliament, male (% held by men) (2000)",87.47663550999999
"Share of seats in parliament, male (% held by men) (2001)",86.16822430000001
"Share of seats in parliament, male (% held by men) (2002)",86.35514019
"Share of seats in parliament, male (% held by men) (2003)",85.98130841
"Share of seats in parliament, male (% held by men) (2004)",85.23364486
"Share of seats in parliament, male (% held by men) (2005)",85.04672897
"Share of seats in parliament, male (% held by men) (2006)",83.73831776
"Share of seats in parliament, male (% held by men) (2007)",83.36448598
"Share of seats in parliament, male (% held by men) (2008)",82.99065421
"Share of seats in parliament, male (% held by men) (2009)",83.48968105
"Share of seats in parliament, male (% held by men) (2010)",83.17757009
"Share of seats in parliament, male (% held by men) (2011)",83.14606741999999
"Share of seats in parliament, male (% held by men) (2012)",81.64794007
"Share of seats in parliament, male (% held by men) (2013)",81.76691728999999
"Share of seats in parliament, male (% held by men) (2014)",80.56074766
"Share of seats in parliament, male (% held by men) (2015)",80.52434457
"Share of seats in parliament, male (% held by men) (2016)",80.45112782
"Share of seats in parliament, male (% held by men) (2017)",80.33707865
"Share of seats in parliament, male (% held by men) (2018)",76.40449438
"Share of seats in parliament, male (% held by men) (2019)",76.27118643999999
"Share of seats in parliament, male (% held by men) (2020)",72.90076336
"Share of seats in parliament, male (% held by men) (2021)",73.03370787
"Labour force participation rate, female (% ages 15 and older) (1990)",56.539
"Labour force participation rate, female (% ages 15 and older) (1991)",56.428
"Labour force participation rate, female (% ages 15 and older) (1992)",56.942
"Labour force participation rate, female (% ages 15 and older) (1993)",57.058
"Labour force participation rate, female (% ages 15 and older) (1994)",57.946
"Labour force participation rate, female (% ages 15 and older) (1995)",58.142
"Labour force participation rate, female (% ages 15 and older) (1996)",58.443
"Labour force participation rate, female (% ages 15 and older) (1997)",58.983
"Labour force participation rate, female (% ages 15 and older) (1998)",58.937
"Labour force participation rate, female (% ages 15 and older) (1999)",59.112
"Labour force participation rate, female (% ages 15 and older) (2000)",59.025
"Labour force participation rate, female (% ages 15 and older) (2001)",58.87
"Labour force participation rate, female (% ages 15 and older) (2002)",58.706
"Labour force participation rate, female (% ages 15 and older) (2003)",58.584
"Labour force participation rate, female (% ages 15 and older) (2004)",58.242
"Labour force participation rate, female (% ages 15 and older) (2005)",58.326
"Labour force participation rate, female (% ages 15 and older) (2006)",58.428
"Labour force participation rate, female (% ages 15 and older) (2007)",58.366
"Labour force participation rate, female (% ages 15 and older) (2008)",58.525
"Labour force participation rate, female (% ages 15 and older) (2009)",58.249
"Labour force participation rate, female (% ages 15 and older) (2010)",57.691
"Labour force participation rate, female (% ages 15 and older) (2011)",57.18
"Labour force participation rate, female (% ages 15 and older) (2012)",56.776
"Labour force participation rate, female (% ages 15 and older) (2013)",56.315
"Labour force participation rate, female (% ages 15 and older) (2014)",56.093
"Labour force participation rate, female (% ages 15 and older) (2015)",55.815
"Labour force participation rate, female (% ages 15 and older) (2016)",55.938
"Labour force participation rate, female (% ages 15 and older) (2017)",56.184
"Labour force participation rate, female (% ages 15 and older) (2018)",56.237
"Labour force participation rate, female (% ages 15 and older) (2019)",56.596
"Labour force participation rate, female (% ages 15 and older) (2020)",55.39
"Labour force participation rate, female (% ages 15 and older) (2021)",55.227
"Labour force participation rate, male (% ages 15 and older) (1990)",74.95699999999999
"Labour force participation rate, male (% ages 15 and older) (1991)",74.441
"Labour force participation rate, male (% ages 15 and older) (1992)",74.511
"Labour force participation rate, male (% ages 15 and older) (1993)",74.095
"Labour force participation rate, male (% ages 15 and older) (1994)",73.84
"Labour force participation rate, male (% ages 15 and older) (1995)",73.774
"Labour force participation rate, male (% ages 15 and older) (1996)",73.755
"Labour force participation rate, male (% ages 15 and older) (1997)",73.81399999999999
"Labour force participation rate, male (% ages 15 and older) (1998)",73.628
"Labour force participation rate, male (% ages 15 and older) (1999)",73.46299999999999
"Labour force participation rate, male (% ages 15 and older) (2000)",73.527
"Labour force participation rate, male (% ages 15 and older) (2001)",73.161
"Labour force participation rate, male (% ages 15 and older) (2002)",72.824
"Labour force participation rate, male (% ages 15 and older) (2003)",72.212
"Labour force participation rate, male (% ages 15 and older) (2004)",72.024
"Labour force participation rate, male (% ages 15 and older) (2005)",71.98399999999999
"Labour force participation rate, male (% ages 15 and older) (2006)",72.12
"Labour force participation rate, male (% ages 15 and older) (2007)",71.878
"Labour force participation rate, male (% ages 15 and older) (2008)",71.608
"Labour force participation rate, male (% ages 15 and older) (2009)",70.604
"Labour force participation rate, male (% ages 15 and older) (2010)",69.87
"Labour force participation rate, male (% ages 15 and older) (2011)",69.208
"Labour force participation rate, male (% ages 15 and older) (2012)",68.90900000000001
"Labour force participation rate, male (% ages 15 and older) (2013)",68.504
"Labour force participation rate, male (% ages 15 and older) (2014)",68.009
"Labour force participation rate, male (% ages 15 and older) (2015)",67.855
"Labour force participation rate, male (% ages 15 and older) (2016)",68.005
"Labour force participation rate, male (% ages 15 and older) (2017)",67.902
"Labour force participation rate, male (% ages 15 and older) (2018)",67.902
"Labour force participation rate, male (% ages 15 and older) (2019)",68.01900000000001
"Labour force participation rate, male (% ages 15 and older) (2020)",66.56699999999999
"Labour force participation rate, male (% ages 15 and older) (2021)",66.437
Difference from HDI rank (2021),-36
Planetary pressures-adjusted Human Development Index (value) (1990),.628
Planetary pressures-adjusted Human Development Index (value) (1991),.636
Planetary pressures-adjusted Human Development Index (value) (1992),.635
Planetary pressures-adjusted Human Development Index (value) (1993),.632
Planetary pressures-adjusted Human Development Index (value) (1994),.626
Planetary pressures-adjusted Human Development Index (value) (1995),.63
Planetary pressures-adjusted Human Development Index (value) (1996),.624
Planetary pressures-adjusted Human Development Index (value) (1997),.622
Planetary pressures-adjusted Human Development Index (value) (1998),.615
Planetary pressures-adjusted Human Development Index (value) (1999),.613
Planetary pressures-adjusted Human Development Index (value) (2000),.611
Planetary pressures-adjusted Human Development Index (value) (2001),.617
Planetary pressures-adjusted Human Development Index (value) (2002),.619
Planetary pressures-adjusted Human Development Index (value) (2003),.621
Planetary pressures-adjusted Human Development Index (value) (2004),.613
Planetary pressures-adjusted Human Development Index (value) (2005),.604
Planetary pressures-adjusted Human Development Index (value) (2006),.614
Planetary pressures-adjusted Human Development Index (value) (2007),.623
Planetary pressures-adjusted Human Development Index (value) (2008),.64
Planetary pressures-adjusted Human Development Index (value) (2009),.667
Planetary pressures-adjusted Human Development Index (value) (2010),.668
Planetary pressures-adjusted Human Development Index (value) (2011),.675
Planetary pressures-adjusted Human Development Index (value) (2012),.681
Planetary pressures-adjusted Human Development Index (value) (2013),.6820000000000001
Planetary pressures-adjusted Human Development Index (value) (2014),.6820000000000001
Planetary pressures-adjusted Human Development Index (value) (2015),.6870000000000001
Planetary pressures-adjusted Human Development Index (value) (2016),.6929999999999999
Planetary pressures-adjusted Human Development Index (value) (2017),.695
Planetary pressures-adjusted Human Development Index (value) (2018),.6899999999999999
Planetary pressures-adjusted Human Development Index (value) (2019),.694
Planetary pressures-adjusted Human Development Index (value) (2020),.698
Planetary pressures-adjusted Human Development Index (value) (2021),.698
Difference from HDI value (%) (1990),27.98165137614679
Difference from HDI value (%) (1991),27.14776632302406
Difference from HDI value (%) (1992),27.67653758542141
Difference from HDI value (%) (1993),28.18181818181819
Difference from HDI value (%) (1994),29.18552036199095
Difference from HDI value (%) (1995),28.8135593220339
Difference from HDI value (%) (1996),29.65050732807215
Difference from HDI value (%) (1997),30.11235955056179
Difference from HDI value (%) (1998),31.13101903695409
Difference from HDI value (%) (1999),31.04611923509562
Difference from HDI value (%) (2000),31.42536475869809
Difference from HDI value (%) (2001),30.82959641255606
Difference from HDI value (%) (2002),30.68309070548712
Difference from HDI value (%) (2003),30.61452513966481
Difference from HDI value (%) (2004),31.73719376391982
Difference from HDI value (%) (2005),32.88888888888889
Difference from HDI value (%) (2006),32.07964601769911
Difference from HDI value (%) (2007),31.23620309050773
Difference from HDI value (%) (2008),29.3598233995585
Difference from HDI value (%) (2009),26.54185022026432
Difference from HDI value (%) (2010),26.67398463227223
Difference from HDI value (%) (2011),26.06790799561883
Difference from HDI value (%) (2012),25.65502183406113
Difference from HDI value (%) (2013),25.62704471101418
Difference from HDI value (%) (2014),25.78890097932535
Difference from HDI value (%) (2015),25.32608695652173
Difference from HDI value (%) (2016),24.83731019522778
Difference from HDI value (%) (2017),24.78354978354979
Difference from HDI value (%) (2018),25.5663430420712
Difference from HDI value (%) (2019),25.37634408602152
Difference from HDI value (%) (2020),24.1304347826087
Difference from HDI value (%) (2021),24.21281216069491
Carbon dioxide emissions per capita (production) (tonnes) (1990),20.28180403
Carbon dioxide emissions per capita (production) (tonnes) (1991),19.87091781
Carbon dioxide emissions per capita (production) (tonnes) (1992),20.10766362
Carbon dioxide emissions per capita (production) (tonnes) (1993),20.29553381
Carbon dioxide emissions per capita (production) (tonnes) (1994),20.43471461
Carbon dioxide emissions per capita (production) (tonnes) (1995),20.44586638
Carbon dioxide emissions per capita (production) (tonnes) (1996),20.90886965
Carbon dioxide emissions per capita (production) (tonnes) (1997),20.92815475
Carbon dioxide emissions per capita (production) (tonnes) (1998),20.82690408
Carbon dioxide emissions per capita (production) (tonnes) (1999),20.83901437
Carbon dioxide emissions per capita (production) (tonnes) (2000),21.3357318
Carbon dioxide emissions per capita (production) (tonnes) (2001),20.74742012
Carbon dioxide emissions per capita (production) (tonnes) (2002),20.70030882
Carbon dioxide emissions per capita (production) (tonnes) (2003),20.74366697
Carbon dioxide emissions per capita (production) (tonnes) (2004),20.91297926
Carbon dioxide emissions per capita (production) (tonnes) (2005),20.79544556
Carbon dioxide emissions per capita (production) (tonnes) (2006),20.32404942
Carbon dioxide emissions per capita (production) (tonnes) (2007),20.39531699
Carbon dioxide emissions per capita (production) (tonnes) (2008),19.48715119
Carbon dioxide emissions per capita (production) (tonnes) (2009),17.88466982
Carbon dioxide emissions per capita (production) (tonnes) (2010),18.36755868
Carbon dioxide emissions per capita (production) (tonnes) (2011),17.78067123
Carbon dioxide emissions per capita (production) (tonnes) (2012),16.99984797
Carbon dioxide emissions per capita (production) (tonnes) (2013),17.30166717
Carbon dioxide emissions per capita (production) (tonnes) (2014),17.33061815
Carbon dioxide emissions per capita (production) (tonnes) (2015),16.74083424
Carbon dioxide emissions per capita (production) (tonnes) (2016),16.24694746
Carbon dioxide emissions per capita (production) (tonnes) (2017),16.01967242
Carbon dioxide emissions per capita (production) (tonnes) (2018),16.4339712
Carbon dioxide emissions per capita (production) (tonnes) (2019),15.9719737
Carbon dioxide emissions per capita (production) (tonnes) (2020),14.23786361
Carbon dioxide emissions per capita (production) (tonnes) (2021),14.23786361
Material footprint per capita (tonnes) (1990),28.34
Material footprint per capita (tonnes) (1991),27.32
Material footprint per capita (tonnes) (1992),28.1
Material footprint per capita (tonnes) (1993),28.72
Material footprint per capita (tonnes) (1994),30.78
Material footprint per capita (tonnes) (1995),30.06
Material footprint per capita (tonnes) (1996),31.03
Material footprint per capita (tonnes) (1997),32.07
Material footprint per capita (tonnes) (1998),34.21
Material footprint per capita (tonnes) (1999),34.12
Material footprint per capita (tonnes) (2000),34.24
Material footprint per capita (tonnes) (2001),33.92
Material footprint per capita (tonnes) (2002),33.49
Material footprint per capita (tonnes) (2003),33.28
Material footprint per capita (tonnes) (2004),35.55
Material footprint per capita (tonnes) (2005),38.07
Material footprint per capita (tonnes) (2006),37.24
Material footprint per capita (tonnes) (2007),35.23
Material footprint per capita (tonnes) (2008),32.68
Material footprint per capita (tonnes) (2009),29.06
Material footprint per capita (tonnes) (2010),28.56
Material footprint per capita (tonnes) (2011),28.27
Material footprint per capita (tonnes) (2012),28.52
Material footprint per capita (tonnes) (2013),28.09
Material footprint per capita (tonnes) (2014),28.23
Material footprint per capita (tonnes) (2015),28.33
Material footprint per capita (tonnes) (2016),28.06
Material footprint per capita (tonnes) (2017),28.12
Material footprint per capita (tonnes) (2018),29.14
Material footprint per capita (tonnes) (2019),29.65
Material footprint per capita (tonnes) (2020),29.65
Material footprint per capita (tonnes) (2021),29.65
Period,2017-2022
Total,50.22
Women,50.69
Men,49.81
Share of people with no bias,49.78
Political,35.31
Educational,8.62
Economic,13.9
Physical integrity,30.78